Date,BKH,ED,FRT,GPC,KO,MO,MSEX,NFG,NWN,PEP
2024-03-28,52.21748352050781,87.7527847290039,99.06831359863281,150.27346801757812,59.40332794189453,40.33835220336914,51.31293487548828,52.317161560058594,35.427120208740234,169.37612915039062
2024-04-01,51.49065017700195,87.28894805908203,97.72955322265625,149.64303588867188,58.9178466796875,39.968448638916016,50.09119415283203,51.956817626953125,35.331932067871094,167.4114532470703
2024-04-02,51.85407257080078,87.54985809326172,96.8176498413086,149.16773986816406,58.40324401855469,39.70026779174805,48.517601013183594,51.70361328125,35.03687286376953,165.92105102539062
2024-04-03,51.681922912597656,86.86376190185547,97.16688537597656,148.5178680419922,58.09253692626953,38.951202392578125,47.452247619628906,51.80099868774414,35.19868087768555,164.2176971435547
2024-04-04,51.653228759765625,87.1536636352539,96.38108825683594,144.376220703125,57.57792663574219,38.40558624267578,48.62511444091797,51.54779052734375,34.979759216308594,164.1886749267578
2024-04-05,51.39501190185547,86.63184356689453,96.71092987060547,145.48196411132812,57.78182601928711,38.51656723022461,47.16880416870117,51.33353805541992,34.65613555908203,163.69509887695312
2024-04-08,52.121849060058594,87.54985809326172,98.02059173583984,145.88934326171875,57.54879379272461,38.80324172973633,47.82365417480469,52.00551986694336,35.00831604003906,164.12094116210938
2024-04-09,52.02621078491211,88.06201934814453,99.82500457763672,145.96693420410156,57.9857292175293,38.94195556640625,48.86946105957031,52.317161560058594,34.932167053222656,165.11776733398438
2024-04-10,50.00828552246094,85.89742279052734,96.67213439941406,143.8233642578125,57.208961486816406,38.544307708740234,46.76807403564453,52.015254974365234,33.98984909057617,163.51119995117188
2024-04-11,50.17086410522461,85.56887817382812,96.76913452148438,141.7185821533203,57.335182189941406,38.313114166259766,46.87558364868164,52.346378326416016,34.332515716552734,162.94020080566406
2024-04-12,49.96046829223633,85.64617919921875,96.75943756103516,141.01051330566406,56.58754348754883,37.96170425415039,46.005706787109375,51.81074142456055,34.389625549316406,162.68858337402344
2024-04-15,49.730934143066406,86.31295013427734,95.11993408203125,140.39944458007812,56.45161056518555,37.869224548339844,46.31847381591797,51.450401306152344,34.00889205932617,161.57559204101562
2024-04-16,48.96584701538086,84.47691345214844,93.54835510253906,140.20547485351562,56.37393569946289,37.68427276611328,44.80352020263672,50.379127502441406,33.79948806762695,162.10787963867188
2024-04-17,49.47271728515625,87.28894805908203,94.14012145996094,139.73989868164062,56.81085968017578,38.007938385009766,44.852394104003906,50.681034088134766,34.16118240356445,164.0241241455078
2024-04-18,50.17086410522461,87.83976745605469,95.58558654785156,155.4141845703125,57.199249267578125,38.192893981933594,45.58543395996094,50.65181350708008,34.82746887207031,166.72433471679688
2024-04-19,51.64366912841797,88.68046569824219,96.78853607177734,157.50927734375,58.42265319824219,38.923465728759766,46.91468048095703,52.034732818603516,35.86496353149414,168.52444458007812
2024-04-22,51.949703216552734,89.608154296875,98.11759948730469,158.18821716308594,58.7916259765625,39.367347717285156,46.93423080444336,52.171077728271484,36.169551849365234,170.77944946289062
2024-04-23,51.997520446777344,89.71444702148438,99.79590606689453,158.4695281982422,58.87901306152344,39.644775390625,47.14925765991211,52.346378326416016,36.46461486816406,165.7081298828125
2024-04-24,52.16010665893555,90.28458404541016,100.50408935546875,156.93701171875,59.7625846862793,39.691017150878906,47.97026443481445,53.826683044433594,36.72161102294922,171.69886779785156
2024-04-25,51.83494186401367,90.94169616699219,99.50486755371094,156.22894287109375,59.94707107543945,40.264373779296875,47.67704391479492,53.466346740722656,36.79775619506836,170.9923553466797
2024-04-26,51.50977325439453,89.80142211914062,99.13622283935547,155.12319946289062,59.94707107543945,40.11641311645508,48.06800079345703,52.42428970336914,36.4741325378418,169.9277801513672
2024-04-29,52.58090591430664,90.80640411376953,100.20335388183594,156.51992797851562,60.23835372924805,40.52330780029297,49.29950714111328,52.52167892456055,36.85784912109375,170.46975708007812
2024-04-30,52.504398345947266,91.221923828125,101.05704498291016,152.48497009277344,59.9761962890625,40.514060974121094,49.57318115234375,51.713348388671875,36.780723571777344,170.24716186523438
2024-05-01,53.173851013183594,91.60846710205078,101.16376495361328,152.0581817626953,60.131553649902344,40.52330780029297,50.82423782348633,51.557525634765625,36.79999923706055,169.5115966796875
2024-05-02,53.53726577758789,92.0433120727539,101.77494049072266,151.6217041015625,60.1898078918457,40.671268463134766,51.234737396240234,53.32999801635742,37.39774703979492,169.80197143554688
2024-05-03,53.336429595947266,92.34286499023438,98.96160125732422,152.678955078125,60.36458206176758,40.31061553955078,51.928688049316406,53.43712615966797,37.243492126464844,170.4794158935547
2024-05-06,54.015445709228516,92.8936767578125,99.06831359863281,151.9805908203125,60.53934860229492,40.218135833740234,52.59331512451172,54.11884689331055,36.501129150390625,170.16004943847656
2024-05-07,54.26410675048828,94.21755981445312,100.00932312011719,150.2637939453125,60.801513671875,40.551048278808594,53.20906448364258,54.3233642578125,36.99282455444336,172.2892303466797
2024-05-08,53.90068817138672,94.28520965576172,99.05860900878906,149.71092224121094,61.02482986450195,40.95794677734375,53.20906448364258,54.40127944946289,37.089237213134766,171.69886779785156
2024-05-09,55.06745529174805,94.81668853759766,99.4854736328125,150.67117309570312,61.05396270751953,41.346351623535156,55.681861877441406,54.946651458740234,36.98318099975586,172.32794189453125
2024-05-10,54.560577392578125,94.41082763671875,98.68026733398438,150.603271484375,61.42292404174805,41.52206039428711,56.5712890625,55.61863327026367,37.25313186645508,174.00222778320312
2024-05-13,54.503196716308594,94.35285186767578,99.39814758300781,152.79534912109375,61.73363494873047,41.65152359008789,56.581058502197266,54.654483795166016,37.098876953125,175.07650756835938
2024-05-14,54.216285705566406,94.18717193603516,99.4078598022461,150.90396118164062,61.267574310302734,42.07692337036133,56.39922332763672,55.00508499145508,36.62646484375,174.07968139648438
2024-05-15,54.388431549072266,94.45032501220703,99.91230773925781,150.35107421875,61.29670333862305,42.40058517456055,56.19281005859375,55.3946418762207,36.780723571777344,173.68287658691406
2024-05-16,55.07529830932617,94.45032501220703,98.59295654296875,149.46844482421875,61.48118591308594,42.493064880371094,56.694095611572266,55.112213134765625,37.1085205078125,177.21536254882812
2024-05-17,54.93018341064453,94.63549041748047,99.27204132080078,148.2947998046875,61.19960403442383,42.613285064697266,56.23212814331055,55.131690979003906,37.15672302246094,176.3249969482422
2024-05-20,55.0075798034668,94.06047058105469,97.99148559570312,147.3636474609375,60.752960205078125,42.44682693481445,55.71118927001953,55.7939338684082,37.32061767578125,174.50552368164062
2024-05-21,54.901161193847656,93.89478302001953,98.26312255859375,146.95628356933594,61.083091735839844,42.844478607177734,57.02828598022461,54.946651458740234,37.35918426513672,175.25071716308594
2024-05-22,53.81765365600586,93.69010925292969,98.06908416748047,145.093994140625,61.170475006103516,42.835227966308594,55.62272644042969,54.40127944946289,36.6168212890625,176.2281951904297
2024-05-23,52.99534606933594,91.48747253417969,95.70201110839844,141.27239990234375,60.28689956665039,42.206382751464844,54.109046936035156,53.739036560058594,35.411685943603516,173.49899291992188
2024-05-24,53.07273483276367,92.03325653076172,95.12963104248047,140.85533142089844,60.199520111083984,42.06767272949219,52.92955780029297,53.96302795410156,34.92963409423828,172.2602081298828
2024-05-28,53.15980529785156,90.84422302246094,95.0714340209961,137.50901794433594,60.024742126464844,42.05842208862305,50.2658805847168,53.81694412231445,34.38972854614258,167.79861450195312
2024-05-29,52.43423843383789,89.57722473144531,94.7803955078125,135.05506896972656,59.90822982788086,41.75325012207031,48.57527542114258,53.067054748535156,34.11014175415039,165.64036560058594
2024-05-30,53.19850158691406,90.10350799560547,95.88632202148438,136.4517822265625,60.17038345336914,42.021427154541016,50.5116081237793,53.924072265625,35.60450744628906,164.99195861816406
2024-05-31,54.610939025878906,92.15021514892578,97.93326568603516,139.8077850341797,61.10251235961914,42.77049255371094,52.95904541015625,55.667327880859375,36.07692337036133,167.33404541015625
2024-06-03,54.504520416259766,91.30229187011719,98.26312255859375,139.7786865234375,61.10251235961914,43.04792022705078,52.703495025634766,55.6965446472168,36.231178283691406,165.7178192138672
2024-06-04,54.05950927734375,91.34127807617188,98.54444885253906,140.41885375976562,62.08317565917969,43.30685806274414,52.92955780029297,55.131690979003906,36.01907730102539,168.29217529296875
2024-06-05,52.89860153198242,90.24971008300781,98.68997192382812,138.69235229492188,62.06375503540039,43.158897399902344,53.03767776489258,54.82978439331055,35.57558822631836,167.90505981445312
2024-06-06,52.453590393066406,89.55773162841797,98.99070739746094,140.26365661621094,62.28708267211914,43.17738342285156,52.72315216064453,54.62527084350586,35.23815155029297,167.62440490722656
2024-06-07,51.86346435546875,89.28483581542969,97.99148559570312,141.8068389892578,62.05405044555664,43.18663787841797,51.681270599365234,54.635005950927734,34.82358169555664,166.83917236328125
2024-06-10,51.737693786621094,89.97681427001953,97.554931640625,139.1502227783203,61.74334716796875,42.992435455322266,51.081695556640625,54.810306549072266,34.69824981689453,161.8253936767578
2024-06-11,51.4184455871582,89.42127990722656,96.87584686279297,138.73023986816406,61.704505920410156,42.90921401977539,51.01289367675781,54.566837310791016,34.486141204833984,161.0157928466797
2024-06-12,51.18626403808594,88.82676696777344,97.83625793457031,139.4627685546875,61.05396270751953,42.4190788269043,51.101356506347656,53.865638732910156,34.38972854614258,159.80625915527344
2024-06-13,50.557437896728516,88.31021881103516,98.73847198486328,137.6265869140625,61.160770416259766,42.30811309814453,51.121009826660156,53.50530242919922,34.22583770751953,159.31851196289062
2024-06-14,50.82831954956055,88.5636215209961,98.16609954833984,133.51466369628906,61.204795837402344,41.88285446166992,50.374000549316406,53.01836013793945,34.14870071411133,159.7867431640625
2024-06-17,50.88636016845703,88.34920501708984,97.47732543945312,136.64012145996094,61.273292541503906,42.24196243286133,49.9808349609375,52.63854217529297,34.17762756347656,162.05950927734375
2024-06-18,50.79929733276367,88.09579467773438,97.97208404541016,136.09315490722656,61.283077239990234,42.33646011352539,50.570587158203125,52.95992660522461,33.7630615234375,162.3911590576172
2024-06-20,51.15724182128906,88.23224639892578,97.98178100585938,138.1246795654297,60.84275436401367,42.93181610107422,50.7573356628418,53.16444396972656,33.94624328613281,162.58624267578125
2024-06-21,51.37007522583008,88.04706573486328,98.31522369384766,138.1344451904297,61.420066833496094,43.22477340698242,50.52143859863281,53.203399658203125,33.69557571411133,163.1715087890625
2024-06-24,52.385868072509766,88.95345306396484,99.12920379638672,138.74000549316406,62.59425735473633,43.895729064941406,52.56588363647461,54.53762435913086,34.119781494140625,163.95187377929688
2024-06-25,51.795745849609375,87.12117767333984,97.38355255126953,135.8587646484375,62.46705627441406,43.867374420166016,51.13084030151367,53.64164352416992,33.96552276611328,163.2397918701172
2024-06-26,51.80541229248047,87.39407348632812,97.24626159667969,134.85276794433594,62.67253875732422,43.81067657470703,51.435543060302734,53.50530242919922,34.07157516479492,162.644775390625
2024-06-27,52.395545959472656,87.40381622314453,98.3936767578125,134.1983642578125,62.53554916381836,42.960166931152344,51.926998138427734,53.36895751953125,34.39937210083008,162.17654418945312
2024-06-28,52.60837173461914,87.15042114257812,99.02132415771484,135.09693908691406,62.28114318847656,43.04521560668945,51.366737365722656,53.27555847167969,34.813941955566406,160.8792266845703
2024-07-01,52.337493896484375,86.55590057373047,98.48193359375,130.73109436035156,61.919097900390625,43.49882507324219,51.926998138427734,53.295223236083984,34.44757843017578,158.8893280029297
2024-07-02,52.50196075439453,86.71183776855469,99.16842651367188,132.8114471435547,61.79189682006836,43.51771926879883,52.467594146728516,53.66880798339844,34.62112045288086,159.5623779296875
2024-07-03,52.540653228759766,86.45844268798828,98.70750427246094,130.27203369140625,61.96802520751953,43.423221588134766,51.83853530883789,54.012901306152344,34.254756927490234,158.60646057128906
2024-07-05,51.969879150390625,87.00422668457031,98.8546142578125,129.3636932373047,62.38877487182617,43.564971923828125,53.03767776489258,53.305057525634766,34.04265213012695,160.35247802734375
2024-07-08,51.67964553833008,86.17579650878906,98.64865112304688,129.78369140625,61.60597610473633,43.48937225341797,52.90990447998047,53.59999084472656,33.984806060791016,158.13824462890625
2024-07-09,51.98923110961914,86.59487915039062,98.64865112304688,127.98655700683594,61.3417854309082,44.131980895996094,52.81161117553711,53.226402282714844,34.20655059814453,157.92364501953125
2024-07-10,52.395545959472656,87.58899688720703,100.62967681884766,129.3929901123047,61.47877883911133,44.349334716796875,53.706058502197266,53.59015655517578,34.74645233154297,159.5721435546875
2024-07-11,54.73670196533203,89.13863372802734,102.90489959716797,133.3291015625,61.74296569824219,44.491085052490234,55.58340835571289,54.750247955322266,35.99015426635742,159.9232940673828
2024-07-12,55.4235725402832,89.85011291503906,104.25826263427734,135.067626953125,62.3300666809082,45.10533905029297,58.39452362060547,55.86117935180664,36.52041244506836,162.29364013671875
2024-07-15,55.35585403442383,87.96910095214844,104.34652709960938,137.93911743164062,62.04629898071289,45.095890045166016,57.22486877441406,55.73337173461914,36.530052185058594,159.83551025390625
2024-07-16,56.245880126953125,89.22636413574219,106.60213470458984,138.41769409179688,62.8878059387207,45.38884735107422,60.48811721801758,56.20526885986328,37.63877487182617,160.71339416503906
2024-07-17,57.27134704589844,91.38026428222656,107.72994232177734,140.70318603515625,63.807594299316406,46.6740608215332,61.294105529785156,56.89345932006836,38.79570770263672,165.7174072265625
2024-07-18,56.3909912109375,91.72138214111328,107.43573760986328,136.99171447753906,63.78801727294922,46.61735916137695,60.46846008300781,56.7263298034668,38.41006088256836,166.1856231689453
2024-07-19,55.800865173339844,91.65316772460938,107.3866958618164,135.038330078125,63.8858757019043,46.73075866699219,60.87145233154297,56.490379333496094,37.92801284790039,165.20042419433594
2024-07-22,56.18783187866211,92.23793029785156,108.66161346435547,135.14576721191406,63.377052307128906,46.68350601196289,61.69709396362305,57.30637741088867,38.21723937988281,163.5421905517578
2024-07-23,56.10076904296875,90.88320922851562,107.57303619384766,134.01280212402344,63.56296157836914,46.41890335083008,60.773162841796875,56.36257553100586,38.36185836791992,162.19606018066406
2024-07-24,56.507083892822266,93.44645690917969,105.18012237548828,132.57705688476562,64.39468383789062,46.70240783691406,63.51547622680664,56.17578125,38.59324264526367,164.03965759277344
2024-07-25,56.371646881103516,93.48544311523438,104.99378204345703,134.7550811767578,64.64909362792969,47.06150817871094,64.105224609375,56.44122314453125,38.901756286621094,166.81967163085938
2024-07-26,56.87470245361328,93.99224090576172,107.43573760986328,138.66188049316406,65.60802459716797,47.65686798095703,64.95052337646484,56.9426155090332,39.24883270263672,168.50717163085938
2024-07-29,56.420013427734375,94.41133117675781,108.71063995361328,139.4627685546875,65.39275360107422,47.75136947631836,64.54752349853516,57.0704231262207,39.13314437866211,168.95587158203125
2024-07-30,57.02949523925781,95.66859436035156,111.71158599853516,143.66258239746094,66.22447204589844,47.77027130126953,64.97016906738281,57.493167877197266,39.27775955200195,168.9265899658203
2024-07-31,57.1262321472168,95.04483032226562,109.49520874023438,143.68209838867188,65.3046875,46.31494903564453,65.34368896484375,57.60131072998047,39.0123405456543,168.42913818359375
2024-08-01,57.35841751098633,97.66655731201172,110.62301635742188,140.13668823242188,66.49844360351562,47.26941680908203,64.80308532714844,58.191184997558594,39.383148193359375,170.6628875732422
2024-08-02,57.000465393066406,99.24543762207031,110.30918884277344,139.19906616210938,67.8389892578125,48.26167678833008,65.7171859741211,57.955238342285156,37.977996826171875,173.667236328125
2024-08-05,54.59158706665039,98.14411926269531,107.64168548583984,135.12623596191406,66.63543701171875,46.636253356933594,62.050941467285156,56.31341552734375,37.168087005615234,169.76547241210938
2024-08-06,55.33650588989258,98.32929229736328,110.2797622680664,136.77684020996094,66.58651733398438,46.75910568237305,60.16375732421875,56.92295455932617,37.46082305908203,168.25355529785156
2024-08-07,55.15269088745117,98.62168884277344,109.83844757080078,134.03231811523438,66.9876937866211,47.27885818481445,60.183414459228516,57.81760025024414,36.9924430847168,167.57073974609375
2024-08-08,55.45259475708008,97.94920349121094,110.17188262939453,135.2629852294922,67.25189971923828,47.67576599121094,60.20307540893555,58.446800231933594,37.27542495727539,168.13648986816406
2024-08-09,55.27845764160156,98.45599365234375,110.62301635742188,133.98348999023438,67.20296478271484,47.65686798095703,59.908199310302734,58.201019287109375,37.3339729309082,168.156005859375
2024-08-12,54.901161193847656,99.35264587402344,109.51481628417969,132.4696044921875,66.70393371582031,47.5434684753418,58.8859748840332,57.945404052734375,36.83631896972656,167.2098388671875
2024-08-13,55.23976135253906,99.02127075195312,109.62269592285156,133.66119384765625,66.9876937866211,48.29947280883789,60.44880294799805,57.78810119628906,36.982688903808594,168.13648986816406
2024-08-14,55.52031326293945,99.1097183227539,110.44648742675781,133.99325561523438,67.1051254272461,48.37507247924805,60.2129020690918,57.797935485839844,36.933895111083984,169.44358825683594
2024-08-15,55.742820739746094,97.50800323486328,110.94664001464844,135.33132934570312,67.17361450195312,47.94982147216797,60.138790130615234,57.90607833862305,37.70477294921875,168.28282165527344
2024-08-16,55.91695785522461,98.36289978027344,111.12316131591797,135.6243438720703,67.69221496582031,48.497928619384766,60.41547393798828,58.073211669921875,37.675498962402344,168.38035583496094
2024-08-19,56.239837646484375,98.66752624511719,110.76031494140625,135.4485321044922,67.49651336669922,48.497928619384766,60.97871780395508,58.14202880859375,38.00727462768555,169.5509033203125
2024-08-20,56.259403228759766,98.43168640136719,110.70146179199219,136.2787322998047,67.88790130615234,48.611331939697266,60.14867401123047,57.65046691894531,38.15364074707031,171.53103637695312
2024-08-21,56.415950775146484,98.67735290527344,111.4075698852539,140.3125,68.0738296508789,48.96098709106445,60.63286590576172,57.71928405761719,38.38783645629883,170.90676879882812
2024-08-22,56.46487045288086,98.92301177978516,111.9665756225586,138.06610107421875,67.8389892578125,48.97988510131836,58.71585464477539,57.827430725097656,38.57323455810547,171.42373657226562
2024-08-23,56.98344039916992,98.8542251586914,113.94758605957031,138.8962860107422,68.28909301757812,49.556339263916016,60.35618591308594,57.93557357788086,39.139198303222656,171.550537109375
2024-08-26,57.38459396362305,99.14901733398438,113.7220230102539,139.66786193847656,69.31651306152344,49.81148910522461,61.166465759277344,58.318992614746094,39.30508041381836,171.6480712890625
2024-08-27,57.37480926513672,97.86174774169922,112.82958984375,139.38465881347656,69.96231842041016,50.094993591308594,61.75935745239258,57.866756439208984,39.46120834350586,170.99453735351562
2024-08-28,57.39437484741211,98.64787292480469,112.78055572509766,139.1892852783203,70.20693969726562,50.29344940185547,61.95698928833008,57.945404052734375,39.256290435791016,169.64842224121094
2024-08-29,57.345455169677734,99.06057739257812,112.27059173583984,138.9646453857422,70.50048828125,50.42574691772461,61.927337646484375,58.36814498901367,39.17823028564453,167.86337280273438
2024-08-30,57.844451904296875,99.79756164550781,112.78055572509766,139.92181396484375,70.91146087646484,50.81320571899414,62.263309478759766,58.75156784057617,39.24653625488281,168.63397216796875
2024-09-03,57.88359069824219,101.48771667480469,112.41768646240234,139.8534393310547,71.43984985351562,51.096702575683594,61.976749420166016,59.03667449951172,38.66105270385742,173.1795196533203
2024-09-04,58.46085739135742,102.5882797241211,112.21174621582031,137.90980529785156,70.99951934814453,51.70151138305664,62.10520553588867,58.59426498413086,38.748878479003906,174.1354522705078
2024-09-05,58.83266067504883,101.9888687133789,113.7024154663086,134.13975524902344,69.63941192626953,51.285709381103516,62.15461730957031,58.328826904296875,39.08064651489258,174.89630126953125
2024-09-06,58.372798919677734,101.48771667480469,113.22186279296875,132.1326904296875,69.61006164550781,50.73760223388672,61.2850456237793,57.96506881713867,38.27073669433594,174.30166625976562
2024-09-09,58.32387924194336,102.93220520019531,114.85963439941406,134.4053955078125,70.3047866821289,51.153404235839844,61.640777587890625,58.43696594238281,37.99751663208008,175.13710021972656
2024-09-10,59.047908782958984,103.14839172363281,114.34967041015625,133.56912231445312,70.01124572753906,51.10615539550781,63.58742904663086,59.46925354003906,38.54396057128906,174.76361083984375
2024-09-11,58.28474426269531,102.01834869384766,114.03584289550781,132.87059020996094,69.55134582519531,50.24619674682617,61.057769775390625,59.48891067504883,38.104854583740234,172.7683868408203
2024-09-12,58.10862350463867,101.59580993652344,114.0162353515625,134.01187133789062,69.69813537597656,49.745338439941406,62.19414138793945,58.18135452270508,38.34880065917969,174.21319580078125
2024-09-13,59.243595123291016,102.7455062866211,115.12442779541016,135.1334686279297,70.35328674316406,50.04774475097656,63.992576599121094,59.233299255371094,39.35387420654297,174.32130432128906
2024-09-16,59.77194595336914,103.03047180175781,114.95770263671875,135.1334686279297,71.03307342529297,49.816490173339844,66.64081573486328,59.92148971557617,39.627098083496094,174.17388916015625
2024-09-17,59.83065414428711,102.7258529663086,113.39839172363281,135.11378479003906,70.73751831054688,48.66020202636719,66.78903198242188,59.8133430480957,39.5099983215332,173.83970642089844
2024-09-18,59.56647872924805,101.61546325683594,113.29051208496094,135.86151123046875,70.6882553100586,48.78547286987305,66.42342376708984,59.28245544433594,39.09040832519531,172.20816040039062
2024-09-19,59.53712463378906,100.34785461425781,112.0156021118164,136.8945770263672,69.57498168945312,48.40004348754883,66.58152770996094,59.34144592285156,39.0416145324707,171.66757202148438
2024-09-20,59.370792388916016,101.55650329589844,110.84857177734375,134.8087921142578,70.57988739013672,48.55421447753906,64.32854461669922,59.28245544433594,38.524444580078125,168.2471923828125
2024-09-23,60.20245361328125,102.21487426757812,112.42749786376953,135.51718139648438,70.6685562133789,49.16126251220703,64.9708480834961,60.18693161010742,38.98306655883789,169.1612548828125
2024-09-24,59.82086944580078,101.03570556640625,112.75112915039062,137.4061737060547,70.27446746826172,49.32506561279297,63.75541305541992,59.646209716796875,39.0318603515625,167.00877380371094
2024-09-25,59.61539840698242,101.36980438232422,112.60401916503906,136.28457641601562,70.39269256591797,49.18053436279297,63.488616943359375,59.05633544921875,39.061134338378906,166.49769592285156
2024-09-26,59.3414421081543,101.33050537109375,111.4369888305664,139.21649169921875,70.34342956542969,49.22871017456055,62.915489196777344,57.955238342285156,39.10992431640625,166.78271484375
2024-09-27,59.732810974121094,102.2443618774414,112.17251586914062,138.96067810058594,70.72766876220703,49.19017028808594,63.90364074707031,59.58722686767578,39.4807243347168,167.08741760253906
2024-09-30,59.801300048828125,102.32295989990234,112.75112915039062,137.4258575439453,70.79662322998047,49.18053436279297,64.46688079833984,60.09787368774414,39.832008361816406,167.1365509033203
2024-10-01,59.55669403076172,103.32527160644531,112.295654296875,137.39634704589844,70.64884185791016,49.07453918457031,64.11114501953125,59.75082778930664,39.42218017578125,168.4437713623047
2024-10-02,59.20446014404297,102.63741302490234,110.06776428222656,136.53054809570312,69.9592056274414,48.746925354003906,63.192176818847656,59.81032180786133,38.70984649658203,166.64512634277344
2024-10-03,58.695682525634766,102.21487426757812,110.4935302734375,134.36605834960938,69.47645568847656,48.159149169921875,62.53999710083008,60.29618453979492,38.17315673828125,165.64259338378906
2024-10-04,58.65654373168945,101.35997772216797,110.25588989257812,134.4939422607422,69.13162994384766,48.274776458740234,62.61904525756836,60.59364700317383,38.563480377197266,165.09219360351562
2024-10-07,57.844451904296875,99.38485717773438,109.17660522460938,132.81155395507812,67.98880004882812,48.10133361816406,61.601253509521484,59.81032180786133,37.938968658447266,164.34523010253906
2024-10-08,58.10862350463867,100.33802795410156,108.57260131835938,131.51284790039062,68.15628814697266,47.744815826416016,62.20402526855469,58.91792678833008,37.89993667602539,167.50021362304688
2024-10-09,57.89337158203125,100.59351348876953,110.4935302734375,131.6013946533203,68.54051208496094,48.40004348754883,62.37200927734375,58.70970153808594,38.300010681152344,169.58387756347656
2024-10-10,57.541141510009766,99.81722259521484,109.32513427734375,131.2865753173828,68.22525024414062,47.870079040527344,61.38385772705078,59.354209899902344,38.056060791015625,170.02618408203125
2024-10-11,58.03035354614258,100.54437255859375,110.35491180419922,135.02525329589844,68.54051208496094,48.02425003051758,62.4708251953125,59.8499870300293,38.875728607177734,171.81500244140625
2024-10-14,59.145755767822266,101.25188446044922,110.43412780761719,137.18972778320312,69.29911041259766,48.043521881103516,63.8245849609375,60.09787368774414,39.27581024169922,173.08291625976562
2024-10-15,59.59583282470703,103.62006378173828,112.06791687011719,138.14407348632812,69.29911041259766,48.08206558227539,64.44712829589844,60.345760345458984,39.568546295166016,172.88632202148438
2024-10-16,60.701454162597656,104.29808807373047,112.384765625,140.84970092773438,69.52571105957031,48.33259201049805,66.41354370117188,61.6347770690918,40.22233200073242,171.49066162109375
2024-10-17,60.51554870605469,103.826416015625,112.22633361816406,141.31211853027344,68.86563110351562,47.927894592285156,65.14871215820312,61.892578125,39.568546295166016,171.67739868164062
2024-10-18,60.427490234375,104.90733337402344,113.21651458740234,140.8595428466797,69.39763641357422,47.80262756347656,64.85226440429688,62.4974250793457,39.685638427734375,172.0607147216797
2024-10-21,59.31208419799805,104.41600799560547,112.1075210571289,140.8103485107422,68.42228698730469,47.272666931152344,64.16056060791016,62.06114196777344,39.5099983215332,172.01158142089844
2024-10-22,59.55669403076172,103.86572265625,113.23632049560547,111.2846450805664,68.42228698730469,48.236236572265625,63.89376449584961,62.011566162109375,39.568546295166016,171.38253784179688
2024-10-23,59.752376556396484,105.53622436523438,113.30563354492188,114.36412811279297,67.00360107421875,47.9857063293457,64.19020080566406,62.4181022644043,39.578304290771484,169.98687744140625
2024-10-24,59.11640167236328,105.14315795898438,112.80064392089844,111.2846450805664,66.30410766601562,48.12060546875,62.68821334838867,62.15038299560547,39.35387420654297,169.21041870117188
2024-10-25,58.57826614379883,102.7848129272461,111.24606323242188,112.39640045166016,65.92972564697266,47.89898681640625,62.599281311035156,61.25798416137695,38.992828369140625,168.84674072265625
2024-10-28,59.047908782958984,102.99116516113281,112.1273193359375,116.44007873535156,65.68342590332031,48.4193115234375,63.686248779296875,60.78204345703125,39.43193435668945,166.93014526367188
2024-10-29,58.65654373168945,101.1241455078125,111.74115753173828,115.38734436035156,64.58984375,48.13024139404297,62.75738525390625,60.51432418823242,39.0318603515625,164.6302490234375
2024-10-30,58.28474426269531,100.93743896484375,113.12739562988281,114.39364624023438,64.94451904296875,48.66020202636719,61.739593505859375,60.345760345458984,39.0318603515625,163.3623504638672
2024-10-31,57.912940979003906,99.91548919677734,109.75090026855469,112.8489761352539,64.34355163574219,52.47593688964844,60.46487808227539,60.01854705810547,38.41936111450195,163.2345733642578
2024-11-01,56.67034149169922,98.26463317871094,109.34493255615234,111.77657318115234,64.0479965209961,51.90742874145508,64.49652862548828,58.967506408691406,38.04396057128906,162.75296020507812
2024-11-04,56.357242584228516,97.42938995361328,110.32520294189453,114.17720031738281,64.1465072631836,51.91706848144531,63.50837707519531,59.294715881347656,37.955047607421875,163.4901123046875
2024-11-05,57.541141510009766,98.08776092529297,112.61251068115234,114.71831512451172,64.40267181396484,52.21577072143555,66.05780792236328,60.01854705810547,38.6268196105957,164.9742431640625
2024-11-06,59.057701110839844,97.24268341064453,112.00850677490234,121.29051971435547,62.75737762451172,52.312129974365234,67.79695129394531,61.8529167175293,40.4149169921875,161.8880615234375
2024-11-07,58.28474426269531,95.88663482666016,112.52339172363281,121.05438995361328,62.71796798706055,51.589454650878906,67.80683898925781,58.39240646362305,39.87157440185547,161.19021606445312
2024-11-08,59.46863555908203,96.42708587646484,113.2264175415039,120.43456268310547,62.97412109375,52.08087158203125,68.76532745361328,58.90801239013672,40.38528060913086,162.2812042236328
2024-11-11,61.03411865234375,96.7710189819336,113.73140716552734,120.38536834716797,62.42240905761719,51.96524429321289,68.87403106689453,60.95060729980469,40.938499450683594,161.4457550048828
2024-11-12,60.437278747558594,95.35600280761719,112.53329467773438,120.71987915039062,62.26477813720703,52.456661224365234,66.2060317993164,60.752296447753906,41.12620544433594,161.52438354492188
2024-11-13,61.79728317260742,94.5631103515625,112.94916534423828,121.68406677246094,62.06773376464844,53.237152099609375,65.59337615966797,60.41516876220703,40.79031753540039,161.91754150390625
2024-11-14,61.327640533447266,94.39460754394531,112.25605010986328,121.851318359375,61.624393463134766,53.37205505371094,65.20800018310547,59.919395446777344,40.1383056640625,162.32049560546875
2024-11-15,61.386348724365234,95.5839614868164,112.42437744140625,120.64117431640625,60.82638168334961,53.89238357543945,66.52904510498047,60.56390380859375,40.65201187133789,155.9023895263672
2024-11-18,62.246490478515625,95.5938720703125,111.42430114746094,122.18584442138672,60.94460678100586,54.287445068359375,65.35699462890625,61.694271087646484,41.1064453125,155.6173553466797
2024-11-19,61.99932098388672,96.10926055908203,112.1273193359375,119.3031234741211,61.66379928588867,53.82493209838867,65.65496826171875,61.47612762451172,41.33366394042969,154.03494262695312
2024-11-20,61.722496032714844,97.01117706298828,112.0382080078125,118.81119537353516,62.057884216308594,53.94055938720703,65.24773406982422,61.1489143371582,41.61027145385742,156.0203399658203
2024-11-21,62.572750091552734,97.82389831542969,113.27592468261719,120.71004486083984,62.816490173339844,53.988739013671875,65.40664672851562,62.973365783691406,42.68708038330078,157.59291076660156
2024-11-22,63.5811882019043,97.48692321777344,113.73140716552734,122.78599548339844,62.97412109375,54.66323471069336,66.05227661132812,63.68729019165039,43.25018310546875,159.22447204589844
2024-11-25,63.92722702026367,98.58706665039062,114.84040069580078,127.3806381225586,63.427310943603516,54.6825065612793,67.42298126220703,63.44931411743164,43.3193359375,160.25648498535156
2024-11-26,62.86935043334961,100.79727172851562,114.76118469238281,125.8359603881836,63.59480285644531,55.491905212402344,66.11186981201172,62.8543815612793,42.766117095947266,159.38174438476562
2024-11-27,63.21538162231445,100.67833709716797,116.37516784667969,124.82258605957031,63.4765739440918,55.549720764160156,64.88021850585938,62.923789978027344,42.81550979614258,159.93214416503906
2024-11-29,63.343910217285156,99.6971206665039,115.50382232666016,124.68485260009766,63.6105842590332,55.636444091796875,64.9994125366211,63.429481506347656,43.28969955444336,160.64962768554688
2024-12-02,62.09819030761719,97.62567901611328,113.12739562988281,125.47193145751953,63.18373489379883,55.09684371948242,63.54924011230469,62.229705810546875,42.73647689819336,160.25648498535156
2024-12-03,62.28603744506836,96.6642837524414,112.57290649414062,125.31451416015625,63.0546875,54.82704544067383,62.1884651184082,62.17021179199219,42.42034912109375,158.9296112060547
2024-12-04,62.295921325683594,95.76236724853516,112.64221954345703,123.8583984375,61.75428009033203,54.39344024658203,61.463382720947266,61.50587463378906,42.41047286987305,157.43563842773438
2024-12-05,62.05864334106445,95.6434326171875,112.49369049072266,122.60890197753906,62.45907974243164,54.83667755126953,60.65883255004883,61.654605865478516,41.78809356689453,157.7403564453125
2024-12-06,61.2182731628418,93.97834014892578,112.77093505859375,122.41053009033203,62.071937561035156,55.23174285888672,60.20193099975586,60.50440979003906,41.39293670654297,156.40711975097656
2024-12-09,60.68439865112305,93.9386978149414,113.0877914428711,124.89008331298828,62.141422271728516,53.82493209838867,59.903953552246094,60.61347961425781,41.2546272277832,158.07241821289062
2024-12-10,60.68439865112305,93.84949493408203,111.65203857421875,124.37433624267578,62.449153900146484,53.46841049194336,60.90715026855469,60.96052169799805,41.46208953857422,158.4391632080078
2024-12-11,60.30870056152344,91.92671203613281,111.25597381591797,121.98404693603516,62.18113327026367,52.69755554199219,59.51657485961914,61.109256744384766,41.33366394042969,155.3960723876953
2024-12-12,60.2889289855957,91.78795623779297,112.3649673461914,120.78394317626953,63.37234115600586,52.986629486083984,59.14906692504883,60.27635192871094,41.06692886352539,157.5074005126953
2024-12-13,60.2691535949707,91.86724853515625,113.12739562988281,120.22853088378906,62.657615661621094,52.91917419433594,59.01993942260742,60.85144805908203,41.30402755737305,156.58555603027344
2024-12-16,60.09119415283203,90.44994354248047,113.30563354492188,117.61012268066406,62.09178924560547,52.707191467285156,58.83122253417969,60.355674743652344,40.79031753540039,154.65264892578125
2024-12-17,59.379356384277344,90.0336685180664,113.20661163330078,117.5208511352539,62.93556594848633,52.157958984375,58.55310821533203,60.117706298828125,40.53346252441406,154.77159118652344
2024-12-18,57.07575988769531,88.08116149902344,108.84984588623047,114.64456939697266,62.389591217041016,51.310020446777344,55.18593215942383,58.60063171386719,38.73548889160156,153.07656860351562
2024-12-19,57.39213180541992,88.27938079833984,108.47358703613281,113.68251037597656,61.99252700805664,51.05949401855469,54.47077941894531,58.82868957519531,39.13064956665039,150.14251708984375
2024-12-20,57.31304168701172,89.2308578491211,110.8202896118164,114.78343200683594,62.09178924560547,51.87852478027344,54.401248931884766,59.42361831665039,39.09113311767578,151.45094299316406
2024-12-23,57.777713775634766,88.87405395507812,111.02822875976562,115.22975158691406,61.923038482666016,51.62799835205078,53.29872131347656,59.85989761352539,39.02198028564453,149.96409606933594
2024-12-24,58.31159210205078,88.78485870361328,111.6223373413086,116.33067321777344,62.379669189453125,51.522003173828125,53.139801025390625,60.553985595703125,39.19980239868164,151.4707794189453
2024-12-26,58.31159210205078,88.79476165771484,111.68174743652344,115.59672546386719,62.11164474487305,51.66934585571289,53.29872131347656,60.087955474853516,39.278831481933594,151.10401916503906
2024-12-27,57.88646697998047,88.76502990722656,110.3351058959961,116.00336456298828,61.99252700805664,51.453243255615234,52.52397537231445,59.8499870300293,39.002220153808594,151.55007934570312
2024-12-30,57.72827911376953,88.36858367919922,109.83011627197266,114.87269592285156,61.575599670410156,51.15855026245117,52.891483306884766,60.435001373291016,38.893550872802734,150.3903350830078
2024-12-31,57.856807708740234,88.4379653930664,110.8499984741211,115.80500793457031,61.80391311645508,51.36483383178711,52.275657653808594,60.68000030517578,39.08125686645508,150.72735595703125
2025-01-02,57.451454162597656,88.23973083496094,108.94999694824219,115.11072540283203,61.386993408203125,51.58094024658203,51.03407669067383,61.36000061035156,39.04174041748047,148.89356994628906
2025-01-03,57.13508224487305,88.44786834716797,109.62999725341797,115.90419006347656,61.29765319824219,52.19979476928711,51.381717681884766,61.349998474121094,39.209678649902344,148.33847045898438
2025-01-06,55.78060531616211,87.5855941772461,106.54000091552734,116.41001892089844,60.364540100097656,51.168373107910156,49.931549072265625,60.709999084472656,38.22178268432617,144.98809814453125
2025-01-07,55.5532112121582,87.21887969970703,104.9000015258789,115.65623474121094,60.394317626953125,50.54951858520508,50.68642807006836,61.189998626708984,38.11311721801758,144.12571716308594
2025-01-08,55.5729866027832,88.21991729736328,104.55999755859375,115.5768814086914,61.2579460144043,50.5789909362793,50.001075744628906,62.27000045776367,38.69597244262695,145.25572204589844
2025-01-10,55.108314514160156,87.36754608154297,101.6500015258789,114.96195983886719,60.62263488769531,49.96995544433594,48.54097366333008,62.56999969482422,37.84638214111328,141.38990783691406
2025-01-13,55.3258171081543,87.68470764160156,103.22000122070312,115.55705261230469,61.198387145996094,49.95030975341797,48.96807861328125,63.66999816894531,38.25141906738281,143.23361206054688
2025-01-14,55.85969924926758,88.57672119140625,103.97000122070312,116.06287384033203,61.58552932739258,50.451290130615234,49.37531661987305,65.0999984741211,38.962703704833984,143.67965698242188
2025-01-15,56.30459976196289,89.42908477783203,104.0199966430664,116.41992950439453,61.3175048828125,50.1369514465332,49.683231353759766,66.3499984741211,38.88367462158203,143.5111541748047
2025-01-16,58.440120697021484,91.40142059326172,105.38999938964844,118.44324493408203,61.79399108886719,50.254825592041016,51.18306350708008,67.88999938964844,39.66411590576172,145.25572204589844
2025-01-17,58.9047966003418,92.8187255859375,105.38999938964844,117.55060577392578,62.25061798095703,50.94244384765625,50.71622848510742,68.26000213623047,39.92096710205078,146.95074462890625
2025-01-21,59.1025276184082,92.38262939453125,106.3499984741211,119.08792877197266,61.96274185180664,50.55934524536133,50.79568862915039,69.7699966430664,40.72116470336914,147.24810791015625
2025-01-22,56.868141174316406,89.96428680419922,104.47000122070312,116.69764709472656,61.327430725097656,49.9110221862793,48.511173248291016,68.41999816894531,39.37762451171875,146.79214477539062
2025-01-23,56.6605224609375,89.95438385009766,105.08999633789062,117.35224151611328,61.079261779785156,50.30393981933594,48.82902145385742,69.44000244140625,39.26895523071289,147.31748962402344
2025-01-24,56.90768814086914,89.7957992553711,106.54000091552734,116.27116394042969,61.46640396118164,51.12907791137695,48.35225296020508,69.5199966430664,39.39738082885742,147.8131103515625
2025-01-27,59.062984466552734,94.04772186279297,109.94000244140625,119.15735626220703,63.402122497558594,52.504310607910156,51.063873291015625,68.0999984741211,40.26673126220703,153.2550048828125
2025-01-28,58.01499557495117,92.56103515625,108.70999908447266,116.35050201416016,61.90318298339844,51.66934585571289,51.441314697265625,68.04000091552734,39.87157440185547,148.93321228027344
2025-01-29,57.441566467285156,91.7483139038086,107.18000030517578,115.38843536376953,62.36974334716797,51.72828674316406,50.65663146972656,68.45999908447266,39.25907897949219,149.05215454101562
2025-01-30,58.35114288330078,93.02686309814453,108.29000091552734,117.19355773925781,63.580806732177734,50.62810516357422,50.65663146972656,70.31999969482422,40.0,150.56874084472656
2025-01-31,58.06442642211914,92.90792846679688,108.62999725341797,115.29917907714844,63.01498031616211,51.3058967590332,50.29905700683594,70.02999877929688,39.91999816894531,149.36935424804688
2025-02-03,58.35114288330078,94.771240234375,108.2300033569336,114.97187042236328,62.885929107666016,51.91492462158203,50.308990478515625,71.91000366210938,39.81999969482422,148.9530487060547
2025-02-04,58.49943923950195,94.06754302978516,108.12999725341797,116.55878448486328,62.21091079711914,51.688995361328125,49.991146087646484,72.45999908447266,39.900001525878906,142.2324676513672
2025-02-05,59.38924026489258,95.336181640625,109.93000030517578,117.37207794189453,62.657615661621094,51.64970397949219,50.33878707885742,72.56999969482422,40.40999984741211,144.38343811035156
2025-02-06,59.221168518066406,94.57301330566406,110.72000122070312,117.07453918457031,62.89585876464844,51.708641052246094,50.140132904052734,72.2300033569336,40.47999954223633,144.07615661621094
2025-02-07,58.78615188598633,95.22715759277344,110.9800033569336,116.77698516845703,63.37234115600586,51.72828674316406,49.077335357666016,71.91000366210938,39.9900016784668,143.3129119873047
2025-02-10,58.9937744140625,95.8416519165039,109.80000305175781,117.47126770019531,64.07714080810547,52.88740921020508,49.057472229003906,72.05000305175781,40.0,143.08493041992188
2025-02-11,59.359580993652344,95.45511627197266,110.97000122070312,120.70459747314453,67.10479736328125,52.89723205566406,50.22952651977539,72.54000091552734,40.81999969482422,144.36361694335938
2025-02-12,59.41889953613281,93.73056030273438,110.55000305175781,121.26002502441406,68.2066650390625,52.39625549316406,49.742828369140625,71.83000183105469,40.81999969482422,142.72808837890625
2025-02-13,59.626522064208984,94.8108901977539,111.81999969482422,123.66022491455078,68.99088287353516,52.671302795410156,50.3586540222168,72.20999908447266,41.060001373291016,143.3129119873047
2025-02-14,58.974002838134766,94.07745361328125,105.02999877929688,123.87842559814453,68.36549377441406,52.34714126586914,50.15999984741211,72.19999694824219,40.63999938964844,142.13333129882812
2025-02-18,59.130001068115234,94.90999603271484,104.70999908447266,120.65501403808594,68.54418182373047,51.81669616699219,51.52000045776367,73.11000061035156,41.22999954223633,142.8371124267578
2025-02-19,59.09000015258789,95.26000213623047,105.01000213623047,121.07157135009766,69.55670166015625,52.39625549316406,50.720001220703125,73.41000366210938,41.34000015258789,144.53211975097656
2025-02-20,58.81999969482422,95.76000213623047,104.52999877929688,122.26175689697266,69.52692413330078,53.368743896484375,50.72999954223633,72.75,40.959999084472656,147.79330444335938
2025-02-21,59.650001525878906,98.26000213623047,104.25,120.63516998291016,70.82732391357422,54.07600021362305,50.959999084472656,72.68000030517578,41.41999816894531,152.15472412109375
2025-02-24,59.790000915527344,99.68000030517578,105.62999725341797,121.18067169189453,70.07289123535156,54.2724609375,51.25,73.31999969482422,41.5099983215332,152.5016632080078
2025-02-25,59.650001525878906,100.97000122070312,105.61000061035156,122.1229019165039,70.96630096435547,55.009193420410156,52.630001068115234,74.08000183105469,41.7400016784668,155.04913330078125
2025-02-26,60.27000045776367,99.95999908447266,105.04000091552734,121.10132598876953,70.28135681152344,53.879539489746094,51.79999923706055,73.77999877929688,41.7599983215332,150.18215942382812
2025-02-27,60.380001068115234,99.91999816894531,104.01000213623047,121.68650817871094,70.35084533691406,54.105472564697266,51.04999923706055,73.54000091552734,41.13999938964844,150.6876983642578
2025-02-28,61.18000030517578,101.5199966430664,105.41999816894531,123.85858917236328,70.6883544921875,54.861846923828125,50.130001068115234,75.19999694824219,40.880001068115234,152.125
2025-03-03,61.86000061035156,104.0199966430664,105.4800033569336,122.98578643798828,71.79022216796875,56.296016693115234,58.029998779296875,75.33999633789062,42.369998931884766,154.62290954589844
2025-03-04,60.7400016784668,102.1500015258789,103.0199966430664,121.86503601074219,69.67582702636719,55.30388259887695,59.52000045776367,74.66999816894531,42.099998474121094,152.83868408203125
2025-03-05,60.130001068115234,100.19999694824219,103.54000091552734,122.60890197753906,69.56663513183594,54.960079193115234,58.970001220703125,74.7300033569336,41.65999984741211,152.53140258789062
2025-03-06,59.45000076293945,100.91000366210938,100.93000030517578,124.9000015258789,69.94384765625,56.001319885253906,61.09000015258789,73.55999755859375,41.41999816894531,153.2550048828125
2025-03-07,60.08000183105469,103.63999938964844,101.30999755859375,127.16999816894531,70.90673828125,56.76752471923828,64.23999786376953,74.13999938964844,41.93000030517578,154.44000244140625
2025-03-10,60.290000915527344,106.66000366210938,99.7300033569336,129.02000427246094,70.92658996582031,57.946292877197266,64.93000030517578,74.30000305175781,41.61000061035156,156.25
2025-03-11,60.33000183105469,103.7699966430664,98.27999877929688,123.58000183105469,70.51959991455078,57.12115478515625,62.939998626708984,74.19000244140625,41.47999954223633,152.3300018310547
2025-03-12,59.060001373291016,102.63999938964844,97.12000274658203,121.33000183105469,69.42765808105469,56.78717041015625,60.790000915527344,73.66000366210938,40.959999084472656,148.1699981689453
2025-03-13,59.29999923706055,104.56999969482422,94.69999694824219,119.43000030517578,69.11000061035156,57.514076232910156,61.56999969482422,74.66000366210938,41.11000061035156,148.33999633789062
2025-03-14,61.18000030517578,106.41000366210938,96.16000366210938,122.0,69.16000366210938,57.867706298828125,62.209999084472656,76.45999908447266,41.83000183105469,148.58999633789062
2025-03-17,61.349998474121094,107.62000274658203,97.91000366210938,123.4800033569336,70.12000274658203,57.85788345336914,60.900001525878906,77.02999877929688,41.90999984741211,151.33999633789062
2025-03-18,60.4900016784668,107.80999755859375,97.27999877929688,123.97000122070312,69.37999725341797,57.30779266357422,60.86000061035156,77.66000366210938,41.959999084472656,148.99000549316406
2025-03-19,60.619998931884766,107.48999786376953,97.52999877929688,124.58999633789062,69.27999877929688,56.9246940612793,60.0099983215332,78.68000030517578,42.08000183105469,148.11000061035156
2025-03-20,60.400001525878906,108.4800033569336,97.31999969482422,120.73999786376953,69.70999908447266,57.06221389770508,59.459999084472656,79.01000213623047,41.849998474121094,147.14999389648438
2025-03-21,59.22999954223633,107.80000305175781,95.0999984741211,118.77999877929688,68.66999816894531,56.58088302612305,59.970001220703125,78.16999816894531,41.27000045776367,145.4499969482422
2025-03-24,59.459999084472656,106.83000183105469,98.26000213623047,120.66999816894531,68.94999694824219,56.630001068115234,60.4900016784668,78.27999877929688,41.380001068115234,146.4499969482422
2025-03-25,58.81999969482422,105.55000305175781,97.7300033569336,117.88999938964844,68.80999755859375,56.709999084472656,60.59000015258789,78.33000183105469,40.97999954223633,145.5399932861328
2025-03-26,59.47999954223633,107.45999908447266,97.51000213623047,118.45999908447266,70.0199966430664,57.75,61.529998779296875,78.91000366210938,41.20000076293945,148.63999938964844
2025-03-27,59.619998931884766,107.88999938964844,96.77999877929688,120.55000305175781,70.73999786376953,58.29999923706055,61.95000076293945,78.68000030517578,41.689998626708984,149.6699981689453
